<?xml version="1.0" encoding="UTF-8"?>

<!-- generated on 2025-11-20 13:56:31 by Eclipse SUMO netedit Version 1.21.0
<neteditConfiguration xmlns:xsi="http://www.w3.org/2001/XMLSchema-instance" xsi:noNamespaceSchemaLocation="http://sumo.dlr.de/xsd/neteditConfiguration.xsd">

    <input>
        <sumo-net-file value="C:\Users\X1\Documents\SUMO\20th Nov 2025\scenario2.net.xml"/>
    </input>

    <output>
        <output-file value="C:\Users\X1\Documents\SUMO\20th Nov 2025\scenario2.net.xml"/>
    </output>

    <processing>
        <geometry.min-radius.fix.railways value="false"/>
        <geometry.avoid-overlap value="0"/>
        <geometry.max-grade.fix value="false"/>
        <offset.disable-normalization value="true"/>
        <lefthand value="0"/>
    </processing>

    <junctions>
        <no-turnarounds value="true"/>
        <junctions.corner-detail value="5"/>
        <junctions.limit-turn-speed value="5.50"/>
        <rectangular-lane-cut value="0"/>
    </junctions>

    <pedestrian>
        <walkingareas value="0"/>
    </pedestrian>

</neteditConfiguration>
-->

<net version="1.20" junctionCornerDetail="5" limitTurnSpeed="5.50" avoidOverlap="0" xmlns:xsi="http://www.w3.org/2001/XMLSchema-instance" xsi:noNamespaceSchemaLocation="http://sumo.dlr.de/xsd/net_file.xsd">

    <location netOffset="-590190.12,-2616767.42" convBoundary="19864.45,3510.99,20208.32,3693.24" origBoundary="57.884444,23.658871,58.145488,23.710287" projParameter="+proj=utm +zone=40 +ellps=WGS84 +datum=WGS84 +units=m +no_defs"/>

    <type id="highway.primary" priority="12" numLanes="2" speed="27.78" disallow="tram rail_urban rail rail_electric rail_fast ship container cable_car subway aircraft wheelchair scooter drone" oneway="0"/>
    <type id="highway.trunk" priority="13" numLanes="2" speed="27.78" disallow="pedestrian bicycle tram rail_urban rail rail_electric rail_fast ship container cable_car subway aircraft wheelchair scooter drone" oneway="0"/>

    <edge id=":1921826462_0" function="internal">
        <lane id=":1921826462_0_0" index="0" disallow="pedestrian bicycle tram rail_urban rail rail_electric rail_fast ship container cable_car subway aircraft wheelchair scooter drone" speed="27.78" length="9.53" shape="20007.63,3547.95 20009.55,3545.88 20010.78,3544.38 20011.87,3542.78 20013.39,3540.39"/>
    </edge>
    <edge id=":1921826462_1" function="internal">
        <lane id=":1921826462_1_0" index="0" disallow="pedestrian bicycle tram rail_urban rail rail_electric rail_fast ship container cable_car subway aircraft wheelchair scooter drone" speed="27.78" length="9.95" shape="20007.63,3547.95 20009.96,3546.11 20011.99,3545.51 20014.21,3545.15 20017.10,3544.05"/>
        <lane id=":1921826462_1_1" index="1" disallow="pedestrian bicycle tram rail_urban rail rail_electric rail_fast ship container cable_car subway aircraft wheelchair scooter drone" speed="27.78" length="9.95" shape="20009.95,3550.16 20012.18,3548.44 20014.14,3547.93 20016.28,3547.66 20019.05,3546.64"/>
        <lane id=":1921826462_1_2" index="2" disallow="pedestrian bicycle tram rail_urban rail rail_electric rail_fast ship container cable_car subway aircraft wheelchair scooter drone" speed="27.78" length="9.95" shape="20012.26,3552.36 20014.40,3550.76 20016.30,3550.35 20018.36,3550.16 20021.00,3549.23"/>
    </edge>
    <edge id=":1921826471_0" function="internal">
        <lane id=":1921826471_0_0" index="0" disallow="pedestrian bicycle tram rail_urban rail rail_electric rail_fast ship container cable_car subway aircraft wheelchair scooter drone" speed="30.55" length="9.08" shape="20114.76,3592.13 20113.05,3593.84 20111.83,3595.00 20110.79,3596.29 20109.62,3598.37"/>
        <lane id=":1921826471_0_1" index="1" disallow="pedestrian bicycle tram rail_urban rail rail_electric rail_fast ship container cable_car subway aircraft wheelchair scooter drone" speed="30.55" length="9.08" shape="20112.42,3589.95 20110.52,3591.86 20109.19,3593.17 20108.05,3594.62 20106.75,3596.95"/>
        <lane id=":1921826471_0_2" index="2" disallow="pedestrian bicycle tram rail_urban rail rail_electric rail_fast ship container cable_car subway aircraft wheelchair scooter drone" speed="30.55" length="9.08" shape="20110.08,3587.76 20108.00,3589.88 20106.54,3591.34 20105.31,3592.95 20103.89,3595.53"/>
    </edge>
    <edge id=":1921826471_3" function="internal">
        <lane id=":1921826471_3_0" index="0" disallow="all" speed="27.78" length="10.74" shape="20112.91,3587.48 20112.17,3590.80 20111.69,3593.09 20111.00,3595.30 20109.62,3598.37"/>
        <lane id=":1921826471_3_1" index="1" disallow="all" speed="27.78" length="10.74" shape="20109.81,3586.70 20109.12,3589.82 20108.68,3591.98 20108.05,3594.06 20106.75,3596.95"/>
        <lane id=":1921826471_3_2" index="2" disallow="all" speed="27.78" length="10.74" shape="20106.70,3585.93 20106.06,3588.84 20105.67,3590.87 20105.09,3592.82 20103.89,3595.53"/>
    </edge>
    <edge id=":1921826476_0" function="internal">
        <lane id=":1921826476_0_0" index="0" disallow="pedestrian bicycle tram rail_urban rail rail_electric rail_fast ship container cable_car subway aircraft wheelchair scooter drone" speed="30.55" length="2.90" shape="20006.50,3636.06 20005.66,3636.03 20005.08,3636.16 20004.49,3636.31 20003.64,3636.33"/>
        <lane id=":1921826476_0_1" index="1" disallow="pedestrian bicycle tram rail_urban rail rail_electric rail_fast ship container cable_car subway aircraft wheelchair scooter drone" speed="30.55" length="3.08" shape="20006.99,3632.89 20006.09,3632.85 20005.46,3632.98 20004.84,3633.13 20003.93,3633.14"/>
    </edge>
    <edge id=":1921826476_2" function="internal">
        <lane id=":1921826476_2_0" index="0" disallow="all" speed="27.78" length="4.88" shape="20006.99,3632.89 20005.83,3632.32 20005.38,3631.35 20004.95,3630.28 20003.88,3629.42"/>
    </edge>
    <edge id=":1921826476_3" function="internal">
        <lane id=":1921826476_3_0" index="0" disallow="pedestrian bicycle tram rail_urban rail rail_electric rail_fast ship container cable_car subway aircraft wheelchair scooter drone" speed="30.55" length="0.62" shape="20007.47,3629.73 20006.84,3629.70"/>
    </edge>
    <edge id=":1921826476_4" function="internal">
        <lane id=":1921826476_4_0" index="0" disallow="all" speed="13.37" length="4.30" shape="20007.47,3629.73 20006.49,3629.23 20006.17,3628.36 20005.91,3627.35 20005.08,3626.43"/>
    </edge>
    <edge id=":1921826476_5" function="internal">
        <lane id=":1921826476_5_0" index="0" disallow="pedestrian bicycle tram rail_urban rail rail_electric rail_fast ship container cable_car subway aircraft wheelchair scooter drone" speed="30.55" length="2.64" shape="20006.84,3629.70 20006.51,3629.68 20005.85,3629.81 20005.19,3629.95 20004.23,3629.96"/>
    </edge>
    <edge id=":224646475_0" function="internal">
        <lane id=":224646475_0_0" index="0" disallow="all" speed="27.78" length="0.68" shape="20111.23,3560.89 20111.29,3560.99 20111.33,3561.07 20111.35,3561.14 20111.39,3561.26"/>
        <lane id=":224646475_0_1" index="1" disallow="all" speed="27.78" length="0.68" shape="20108.46,3562.50 20108.30,3562.12"/>
        <lane id=":224646475_0_2" index="2" disallow="all" speed="27.78" length="0.68" shape="20105.70,3564.11 20105.22,3562.98"/>
    </edge>
    <edge id=":224646486_0" function="internal">
        <lane id=":224646486_0_0" index="0" disallow="pedestrian bicycle tram rail_urban rail rail_electric rail_fast ship container cable_car subway aircraft wheelchair scooter drone" speed="17.65" length="18.73" shape="20090.64,3620.93 20086.77,3624.77 20084.76,3627.99 20083.60,3631.74 20082.31,3637.16"/>
        <lane id=":224646486_0_1" index="1" disallow="pedestrian bicycle tram rail_urban rail rail_electric rail_fast ship container cable_car subway aircraft wheelchair scooter drone" speed="17.76" length="18.98" shape="20090.64,3620.93 20086.29,3624.54 20083.29,3627.20 20081.15,3630.38 20079.41,3635.59"/>
    </edge>
    <edge id=":224646486_2" function="internal">
        <lane id=":224646486_2_0" index="0" disallow="pedestrian bicycle tram rail_urban rail rail_electric rail_fast ship container cable_car subway aircraft wheelchair scooter drone" speed="27.78" length="19.15" shape="20090.64,3620.93 20086.27,3624.67 20083.06,3626.98 20079.57,3628.86 20074.37,3631.32"/>
        <lane id=":224646486_2_1" index="1" disallow="pedestrian bicycle tram rail_urban rail rail_electric rail_fast ship container cable_car subway aircraft wheelchair scooter drone" speed="27.78" length="19.15" shape="20088.52,3618.53 20084.21,3622.21 20081.03,3624.45 20077.58,3626.27 20072.44,3628.69"/>
        <lane id=":224646486_2_2" index="2" disallow="pedestrian bicycle tram rail_urban rail rail_electric rail_fast ship container cable_car subway aircraft wheelchair scooter drone" speed="27.78" length="19.15" shape="20086.40,3616.14 20082.18,3619.83 20079.10,3622.15 20075.69,3623.95 20070.50,3626.04"/>
    </edge>
    <edge id=":224646501_0" function="internal">
        <lane id=":224646501_0_0" index="0" disallow="pedestrian bicycle tram rail_urban rail rail_electric rail_fast ship container cable_car subway aircraft wheelchair scooter drone" speed="23.84" length="22.42" shape="20058.08,3646.08 20052.77,3643.00 20048.57,3641.30 20043.94,3640.42 20037.34,3639.83"/>
        <lane id=":224646501_0_1" index="1" disallow="pedestrian bicycle tram rail_urban rail rail_electric rail_fast ship container cable_car subway aircraft wheelchair scooter drone" speed="24.29" length="22.42" shape="20059.16,3642.99 20053.78,3639.90 20049.39,3638.17 20044.49,3637.26 20037.59,3636.64"/>
    </edge>
    <edge id=":224646501_2" function="internal">
        <lane id=":224646501_2_0" index="0" disallow="pedestrian bicycle tram rail_urban rail rail_electric rail_fast ship container cable_car subway aircraft wheelchair scooter drone" speed="26.52" length="22.32" shape="20059.98,3636.94 20053.55,3639.24 20048.93,3640.25 20044.18,3640.33 20037.34,3639.83"/>
        <lane id=":224646501_2_1" index="1" disallow="pedestrian bicycle tram rail_urban rail rail_electric rail_fast ship container cable_car subway aircraft wheelchair scooter drone" speed="26.03" length="22.32" shape="20059.38,3633.74 20053.19,3635.97 20048.74,3636.99 20044.17,3637.10 20037.59,3636.64"/>
        <lane id=":224646501_2_2" index="2" disallow="pedestrian bicycle tram rail_urban rail rail_electric rail_fast ship container cable_car subway aircraft wheelchair scooter drone" speed="25.54" length="22.32" shape="20058.78,3630.54 20052.83,3632.71 20048.56,3633.72 20044.17,3633.87 20037.83,3633.45"/>
    </edge>
    <edge id=":224646551_0" function="internal">
        <lane id=":224646551_0_0" index="0" disallow="pedestrian bicycle tram rail_urban rail rail_electric rail_fast ship container cable_car subway aircraft wheelchair scooter drone" speed="30.55" length="3.01" shape="19979.79,3579.35 19981.80,3577.22"/>
        <lane id=":224646551_0_1" index="1" disallow="pedestrian bicycle tram rail_urban rail rail_electric rail_fast ship container cable_car subway aircraft wheelchair scooter drone" speed="30.55" length="3.01" shape="19982.24,3581.41 19984.30,3579.21"/>
        <lane id=":224646551_0_2" index="2" disallow="pedestrian bicycle tram rail_urban rail rail_electric rail_fast ship container cable_car subway aircraft wheelchair scooter drone" speed="30.55" length="3.01" shape="19984.70,3583.46 19986.80,3581.20"/>
    </edge>
    <edge id=":224646551_3" function="internal">
        <lane id=":224646551_3_0" index="0" disallow="all" speed="18.15" length="13.57" shape="19979.87,3591.17 19980.05,3586.83 19979.62,3583.65 19979.81,3580.74 19981.80,3577.22"/>
        <lane id=":224646551_3_1" index="1" disallow="all" speed="17.56" length="13.57" shape="19982.93,3592.28 19983.03,3588.22 19982.49,3585.24 19982.51,3582.51 19984.30,3579.21"/>
        <lane id=":224646551_3_2" index="2" disallow="all" speed="16.96" length="13.57" shape="19985.99,3593.38 19986.01,3589.61 19985.35,3586.83 19985.21,3584.28 19986.80,3581.20"/>
    </edge>
    <edge id=":224646569_0" function="internal">
        <lane id=":224646569_0_0" index="0" disallow="pedestrian bicycle tram rail_urban rail rail_electric rail_fast ship container cable_car subway aircraft wheelchair scooter drone" speed="30.55" length="2.78" shape="20085.21,3536.07 20085.99,3536.04 20086.50,3535.74 20087.01,3535.41 20087.80,3535.26"/>
        <lane id=":224646569_0_1" index="1" disallow="pedestrian bicycle tram rail_urban rail rail_electric rail_fast ship container cable_car subway aircraft wheelchair scooter drone" speed="30.55" length="3.23" shape="20084.67,3539.23 20085.59,3539.22 20086.20,3538.93 20086.82,3538.60 20087.75,3538.46"/>
    </edge>
    <edge id=":224646569_2" function="internal">
        <lane id=":224646569_2_0" index="0" disallow="all" speed="27.78" length="4.92" shape="20084.67,3539.23 20085.91,3539.75 20086.51,3540.60 20087.08,3541.55 20088.21,3542.42"/>
    </edge>
    <edge id=":224646569_3" function="internal">
        <lane id=":224646569_3_0" index="0" disallow="pedestrian bicycle tram rail_urban rail rail_electric rail_fast ship container cable_car subway aircraft wheelchair scooter drone" speed="30.55" length="1.06" shape="20084.13,3542.38 20085.19,3542.39"/>
    </edge>
    <edge id=":224646569_4" function="internal">
        <lane id=":224646569_4_0" index="0" disallow="all" speed="27.78" length="4.18" shape="20084.13,3542.38 20085.13,3542.86 20085.55,3543.66 20085.94,3544.55 20086.85,3545.32"/>
    </edge>
    <edge id=":224646569_5" function="internal">
        <lane id=":224646569_5_0" index="0" disallow="pedestrian bicycle tram rail_urban rail rail_electric rail_fast ship container cable_car subway aircraft wheelchair scooter drone" speed="30.55" length="2.64" shape="20085.19,3542.39 20085.90,3542.12 20086.62,3541.80 20087.70,3541.66"/>
    </edge>
    <edge id=":412120824_0" function="internal">
        <lane id=":412120824_0_0" index="0" disallow="pedestrian bicycle tram rail_urban rail rail_electric rail_fast ship container cable_car subway aircraft wheelchair scooter drone" speed="10.46" length="8.36" shape="20034.54,3531.01 20036.48,3532.39 20038.10,3532.86 20039.90,3532.84 20042.39,3532.78"/>
    </edge>
    <edge id=":412120824_1" function="internal">
        <lane id=":412120824_1_0" index="0" disallow="pedestrian bicycle tram rail_urban rail rail_electric rail_fast ship container cable_car subway aircraft wheelchair scooter drone" speed="22.99" length="9.01" shape="20034.18,3537.04 20036.65,3535.70 20038.18,3534.29 20039.77,3533.19 20042.39,3532.78"/>
        <lane id=":412120824_1_1" index="1" disallow="pedestrian bicycle tram rail_urban rail rail_electric rail_fast ship container cable_car subway aircraft wheelchair scooter drone" speed="22.41" length="9.01" shape="20034.69,3540.25 20037.01,3538.95 20038.42,3537.53 20039.88,3536.41 20042.34,3535.98"/>
        <lane id=":412120824_1_2" index="2" disallow="pedestrian bicycle tram rail_urban rail rail_electric rail_fast ship container cable_car subway aircraft wheelchair scooter drone" speed="21.82" length="9.01" shape="20035.20,3543.47 20037.37,3542.20 20038.65,3540.77 20039.98,3539.62 20042.29,3539.18"/>
    </edge>

    <edge id="1432212744#0" from="224646486" to="J3" priority="1" type="highway.trunk" spreadType="center" shape="20088.41,3618.63 20082.73,3629.04 20080.24,3638.81 20079.83,3641.32 20079.50,3648.25 20080.68,3655.40 20083.01,3663.78 20088.25,3675.99 20094.58,3691.24">
        <lane id="1432212744#0_0" index="0" disallow="pedestrian bicycle tram rail_urban rail rail_electric rail_fast ship container cable_car subway aircraft wheelchair scooter drone" speed="33.33" length="57.74" shape="20082.31,3637.16 20081.81,3639.14 20081.42,3641.49 20081.11,3648.16 20082.24,3655.05 20084.52,3663.25 20089.72,3675.37 20096.06,3690.63"/>
        <lane id="1432212744#0_1" index="1" disallow="pedestrian bicycle tram rail_urban rail rail_electric rail_fast ship container cable_car subway aircraft wheelchair scooter drone" speed="33.33" length="57.74" shape="20079.41,3635.59 20078.67,3638.48 20078.24,3641.15 20077.89,3648.34 20079.12,3655.75 20081.50,3664.31 20086.78,3676.61 20093.10,3691.85"/>
    </edge>
    <edge id="14465423#1.76" from="J6" to="224646551" priority="13" type="highway.trunk" spreadType="center" shape="19864.45,3635.76 19920.48,3617.99 19929.05,3614.29 19951.41,3606.62 19975.64,3589.30 19988.69,3573.70">
        <lane id="14465423#1.76_0" index="0" disallow="pedestrian bicycle tram rail_urban rail rail_electric rail_fast ship container cable_car subway aircraft wheelchair scooter drone" speed="33.33" length="131.83" shape="19863.48,3632.71 19919.36,3614.99 19927.89,3611.30 19949.93,3603.74 19973.45,3586.93 19979.79,3579.35"/>
        <lane id="14465423#1.76_1" index="1" disallow="pedestrian bicycle tram rail_urban rail rail_electric rail_fast ship container cable_car subway aircraft wheelchair scooter drone" speed="33.33" length="131.83" shape="19864.45,3635.76 19920.48,3617.99 19929.05,3614.29 19951.41,3606.62 19975.64,3589.30 19982.24,3581.41"/>
        <lane id="14465423#1.76_2" index="2" disallow="pedestrian bicycle tram rail_urban rail rail_electric rail_fast ship container cable_car subway aircraft wheelchair scooter drone" speed="33.33" length="131.83" shape="19865.42,3638.81 19921.60,3620.99 19930.21,3617.28 19952.89,3609.50 19977.83,3591.67 19984.70,3583.46"/>
        <param key="ref" value="N5"/>
    </edge>
    <edge id="162437609#0" from="1921826476" to="J5" priority="13" type="highway.trunk" spreadType="center" shape="20015.84,3634.24 19978.53,3630.80 19952.12,3631.51 19931.72,3635.31 19901.48,3644.02 19871.37,3654.57 19870.00,3655.01">
        <lane id="162437609#0_0" index="0" disallow="pedestrian bicycle tram rail_urban rail rail_electric rail_fast ship container cable_car subway aircraft wheelchair scooter drone" speed="33.33" length="137.50" shape="20003.64,3636.33 19978.43,3634.00 19952.46,3634.70 19932.46,3638.43 19902.45,3647.07 19872.42,3657.59 19870.98,3658.06"/>
        <lane id="162437609#0_1" index="1" disallow="pedestrian bicycle tram rail_urban rail rail_electric rail_fast ship container cable_car subway aircraft wheelchair scooter drone" speed="33.33" length="137.50" shape="20003.93,3633.14 19978.53,3630.80 19952.12,3631.51 19931.72,3635.31 19901.48,3644.02 19871.37,3654.57 19870.00,3655.01"/>
        <lane id="162437609#0_2" index="2" disallow="pedestrian bicycle tram rail_urban rail rail_electric rail_fast ship container cable_car subway aircraft wheelchair scooter drone" speed="33.33" length="137.50" shape="20004.23,3629.96 19978.63,3627.60 19951.78,3628.32 19930.98,3632.19 19900.51,3640.97 19870.32,3651.55 19869.02,3651.96"/>
        <param key="ref" value="N5"/>
    </edge>
    <edge id="20910676#0" from="224646475" to="1921826471" priority="13" type="highway.trunk" spreadType="center" shape="20108.36,3562.32 20111.14,3572.26 20110.97,3582.08 20107.73,3594.98">
        <lane id="20910676#0_0" index="0" disallow="all" speed="27.78" length="25.12" shape="20111.39,3561.26 20114.35,3571.85 20114.16,3582.50 20112.91,3587.48"/>
        <lane id="20910676#0_1" index="1" disallow="all" speed="27.78" length="25.12" shape="20108.30,3562.12 20111.14,3572.26 20110.97,3582.08 20109.81,3586.70"/>
        <lane id="20910676#0_2" index="2" disallow="all" speed="27.78" length="25.12" shape="20105.22,3562.98 20107.93,3572.67 20107.78,3581.66 20106.70,3585.93"/>
        <param key="ref" value="N5"/>
    </edge>
    <edge id="20910676#1" from="1921826471" to="224646486" priority="13" type="highway.trunk" spreadType="center" shape="20107.73,3594.98 20104.01,3602.48 20095.90,3612.01 20088.41,3618.63">
        <lane id="20910676#1_0" index="0" disallow="pedestrian bicycle tram rail_urban rail rail_electric rail_fast ship container cable_car subway aircraft wheelchair scooter drone" speed="27.78" length="28.54" shape="20109.62,3598.37 20106.70,3604.25 20098.19,3614.26 20090.64,3620.93"/>
        <lane id="20910676#1_1" index="1" disallow="pedestrian bicycle tram rail_urban rail rail_electric rail_fast ship container cable_car subway aircraft wheelchair scooter drone" speed="27.78" length="28.54" shape="20106.75,3596.95 20104.01,3602.48 20095.90,3612.01 20088.52,3618.53"/>
        <lane id="20910676#1_2" index="2" disallow="pedestrian bicycle tram rail_urban rail rail_electric rail_fast ship container cable_car subway aircraft wheelchair scooter drone" speed="27.78" length="28.54" shape="20103.89,3595.53 20101.32,3600.71 20093.61,3609.76 20086.40,3616.14"/>
        <param key="ref" value="N5"/>
    </edge>
    <edge id="20910676#2" from="224646486" to="224646501" priority="13" type="highway.trunk" spreadType="center" shape="20088.41,3618.63 20078.88,3625.65 20072.03,3628.88 20058.96,3633.90 20042.20,3637.00">
        <lane id="20910676#2_0" index="0" disallow="pedestrian bicycle tram rail_urban rail rail_electric rail_fast ship container cable_car subway aircraft wheelchair scooter drone" speed="27.78" length="14.00" shape="20074.37,3631.32 20073.29,3631.82 20059.98,3636.94"/>
        <lane id="20910676#2_1" index="1" disallow="pedestrian bicycle tram rail_urban rail rail_electric rail_fast ship container cable_car subway aircraft wheelchair scooter drone" speed="27.78" length="14.00" shape="20072.44,3628.69 20072.03,3628.88 20059.38,3633.74"/>
        <lane id="20910676#2_2" index="2" disallow="pedestrian bicycle tram rail_urban rail rail_electric rail_fast ship container cable_car subway aircraft wheelchair scooter drone" speed="27.78" length="14.00" shape="20070.50,3626.04 20058.78,3630.54"/>
        <param key="ref" value="N5"/>
    </edge>
    <edge id="20910676#3" from="224646501" to="1921826476" priority="13" type="highway.trunk" spreadType="center" shape="20042.20,3637.00 20025.43,3635.70 20015.84,3634.24">
        <lane id="20910676#3_0" index="0" disallow="pedestrian bicycle tram rail_urban rail rail_electric rail_fast ship container cable_car subway aircraft wheelchair scooter drone" speed="27.78" length="30.85" shape="20037.34,3639.83 20025.07,3638.88 20006.50,3636.06"/>
        <lane id="20910676#3_1" index="1" disallow="pedestrian bicycle tram rail_urban rail rail_electric rail_fast ship container cable_car subway aircraft wheelchair scooter drone" speed="27.78" length="30.85" shape="20037.59,3636.64 20025.43,3635.70 20006.99,3632.89"/>
        <lane id="20910676#3_2" index="2" disallow="pedestrian bicycle tram rail_urban rail rail_electric rail_fast ship container cable_car subway aircraft wheelchair scooter drone" speed="27.78" length="30.85" shape="20037.83,3633.45 20025.79,3632.52 20007.47,3629.73"/>
        <param key="ref" value="N5"/>
    </edge>
    <edge id="20910676#4" from="1921826476" to="224646551" priority="13" type="highway.trunk" spreadType="center" shape="20015.84,3634.24 20003.77,3629.38 19996.70,3625.06 19990.96,3619.40 19986.26,3611.99 19983.17,3603.49 19982.53,3594.69 19983.78,3587.20 19988.69,3573.70">
        <lane id="20910676#4_0" index="0" disallow="all" speed="27.78" length="45.55" shape="20002.68,3632.39 20002.33,3632.25 19994.72,3627.60 19988.45,3621.42 19983.37,3613.41 19980.01,3604.17 19979.31,3594.54 19979.87,3591.17"/>
        <lane id="20910676#4_1" index="1" disallow="all" speed="27.78" length="45.55" shape="20003.88,3629.42 20003.77,3629.38 19996.70,3625.06 19990.96,3619.40 19986.26,3611.99 19983.17,3603.49 19982.53,3594.69 19982.93,3592.28"/>
        <lane id="20910676#4_2" index="2" disallow="all" speed="27.78" length="45.55" shape="20005.08,3626.43 19998.68,3622.52 19993.47,3617.38 19989.15,3610.57 19986.33,3602.81 19985.75,3594.84 19985.99,3593.38"/>
        <param key="ref" value="N5"/>
    </edge>
    <edge id="20910676#5" from="224646551" to="1921826462" priority="13" type="highway.trunk" spreadType="center" shape="19988.69,3573.70 19994.64,3566.23 20001.63,3558.89">
        <lane id="20910676#5_0" index="0" disallow="pedestrian bicycle tram rail_urban rail rail_electric rail_fast ship container cable_car subway aircraft wheelchair scooter drone" speed="27.78" length="38.79" shape="19981.80,3577.22 19992.23,3564.13 20007.63,3547.95"/>
        <lane id="20910676#5_1" index="1" disallow="pedestrian bicycle tram rail_urban rail rail_electric rail_fast ship container cable_car subway aircraft wheelchair scooter drone" speed="27.78" length="38.79" shape="19984.30,3579.21 19994.64,3566.23 20009.95,3550.16"/>
        <lane id="20910676#5_2" index="2" disallow="pedestrian bicycle tram rail_urban rail rail_electric rail_fast ship container cable_car subway aircraft wheelchair scooter drone" speed="27.78" length="38.79" shape="19986.80,3581.20 19997.05,3568.33 20012.26,3552.36"/>
        <param key="ref" value="N5"/>
    </edge>
    <edge id="20910676#6" from="1921826462" to="412120824" priority="13" type="highway.trunk" spreadType="center" shape="20001.63,3558.89 20015.08,3548.74 20023.68,3544.20 20038.07,3539.04 20056.01,3536.21">
        <lane id="20910676#6_0" index="0" disallow="pedestrian bicycle tram rail_urban rail rail_electric rail_fast ship container cable_car subway aircraft wheelchair scooter drone" speed="27.78" length="16.93" shape="20017.10,3544.05 20022.39,3541.26 20034.18,3537.04"/>
        <lane id="20910676#6_1" index="1" disallow="pedestrian bicycle tram rail_urban rail rail_electric rail_fast ship container cable_car subway aircraft wheelchair scooter drone" speed="27.78" length="16.93" shape="20019.05,3546.64 20023.68,3544.20 20034.69,3540.25"/>
        <lane id="20910676#6_2" index="2" disallow="pedestrian bicycle tram rail_urban rail rail_electric rail_fast ship container cable_car subway aircraft wheelchair scooter drone" speed="27.78" length="16.93" shape="20021.00,3549.23 20024.97,3547.14 20035.20,3543.47"/>
        <param key="ref" value="N5"/>
    </edge>
    <edge id="20910676#7" from="412120824" to="224646569" priority="13" type="highway.trunk" spreadType="center" shape="20056.01,3536.21 20068.38,3536.42 20079.47,3538.33">
        <lane id="20910676#7_0" index="0" disallow="pedestrian bicycle tram rail_urban rail rail_electric rail_fast ship container cable_car subway aircraft wheelchair scooter drone" speed="27.78" length="42.58" shape="20042.39,3532.78 20068.68,3533.22 20085.21,3536.07"/>
        <lane id="20910676#7_1" index="1" disallow="pedestrian bicycle tram rail_urban rail rail_electric rail_fast ship container cable_car subway aircraft wheelchair scooter drone" speed="27.78" length="42.58" shape="20042.34,3535.98 20068.38,3536.42 20084.67,3539.23"/>
        <lane id="20910676#7_2" index="2" disallow="pedestrian bicycle tram rail_urban rail rail_electric rail_fast ship container cable_car subway aircraft wheelchair scooter drone" speed="27.78" length="42.58" shape="20042.29,3539.18 20068.08,3539.62 20084.13,3542.38"/>
        <param key="ref" value="N5"/>
    </edge>
    <edge id="20910676#8" from="224646569" to="224646475" priority="13" type="highway.trunk" spreadType="center" shape="20079.47,3538.33 20088.81,3542.70 20097.25,3548.22 20103.69,3554.31 20108.36,3562.32">
        <lane id="20910676#8_0" index="0" disallow="all" speed="27.78" length="29.09" shape="20089.57,3539.52 20090.37,3539.90 20099.24,3545.70 20106.22,3552.30 20111.23,3560.89"/>
        <lane id="20910676#8_1" index="1" disallow="all" speed="27.78" length="29.09" shape="20088.21,3542.42 20088.81,3542.70 20097.25,3548.22 20103.69,3554.31 20108.46,3562.50"/>
        <lane id="20910676#8_2" index="2" disallow="all" speed="27.78" length="29.09" shape="20086.85,3545.32 20087.25,3545.50 20095.26,3550.74 20101.16,3556.32 20105.70,3564.11"/>
        <param key="ref" value="N5"/>
    </edge>
    <edge id="20910781#1.199" from="J7" to="1921826471" priority="13" type="highway.trunk" spreadType="center" shape="20208.32,3541.92 20152.59,3561.41 20136.99,3568.16 20126.17,3575.21 20107.73,3594.98">
        <lane id="20910781#1.199_0" index="0" disallow="pedestrian bicycle tram rail_urban rail rail_electric rail_fast ship container cable_car subway aircraft wheelchair scooter drone" speed="33.33" length="109.10" shape="20209.38,3544.94 20153.76,3564.39 20138.51,3570.99 20128.24,3577.68 20114.76,3592.13"/>
        <lane id="20910781#1.199_1" index="1" disallow="pedestrian bicycle tram rail_urban rail rail_electric rail_fast ship container cable_car subway aircraft wheelchair scooter drone" speed="33.33" length="109.10" shape="20208.32,3541.92 20152.59,3561.41 20136.99,3568.16 20126.17,3575.21 20112.42,3589.95"/>
        <lane id="20910781#1.199_2" index="2" disallow="pedestrian bicycle tram rail_urban rail rail_electric rail_fast ship container cable_car subway aircraft wheelchair scooter drone" speed="33.33" length="109.10" shape="20207.26,3538.90 20151.42,3558.43 20135.47,3565.33 20124.10,3572.74 20110.08,3587.76"/>
        <param key="ref" value="N5"/>
    </edge>
    <edge id="20911568" from="224646569" to="J8" priority="13" type="highway.trunk" spreadType="center" shape="20079.47,3538.33 20123.32,3539.00 20140.30,3537.13 20154.25,3533.66 20201.83,3517.31">
        <lane id="20911568_0" index="0" disallow="pedestrian bicycle tram rail_urban rail rail_electric rail_fast ship container cable_car subway aircraft wheelchair scooter drone" speed="33.33" length="117.35" shape="20087.80,3535.26 20123.17,3535.80 20139.74,3533.97 20153.34,3530.59 20200.79,3514.28"/>
        <lane id="20911568_1" index="1" disallow="pedestrian bicycle tram rail_urban rail rail_electric rail_fast ship container cable_car subway aircraft wheelchair scooter drone" speed="33.33" length="117.35" shape="20087.75,3538.46 20123.32,3539.00 20140.30,3537.13 20154.25,3533.66 20201.83,3517.31"/>
        <lane id="20911568_2" index="2" disallow="pedestrian bicycle tram rail_urban rail rail_electric rail_fast ship container cable_car subway aircraft wheelchair scooter drone" speed="33.33" length="117.35" shape="20087.70,3541.66 20123.47,3542.20 20140.86,3540.29 20155.16,3536.73 20202.87,3520.34"/>
        <param key="ref" value="N5"/>
    </edge>
    <edge id="39412251#1.78" from="J4" to="224646501" priority="1" type="highway.trunk" spreadType="center" shape="20086.63,3693.24 20079.29,3673.55 20074.87,3663.17 20072.11,3658.46 20068.75,3653.48 20064.39,3649.23 20060.83,3645.90 20056.77,3643.39 20052.55,3640.59 20042.20,3637.00">
        <lane id="39412251#1.78_0" index="0" disallow="pedestrian bicycle tram rail_urban rail rail_electric rail_fast ship container cable_car subway aircraft wheelchair scooter drone" speed="33.33" length="57.33" shape="20085.13,3693.80 20077.80,3674.14 20073.44,3663.89 20070.76,3659.31 20067.52,3654.51 20063.28,3650.39 20059.85,3647.18 20058.08,3646.08"/>
        <lane id="39412251#1.78_1" index="1" disallow="pedestrian bicycle tram rail_urban rail rail_electric rail_fast ship container cable_car subway aircraft wheelchair scooter drone" speed="33.33" length="57.33" shape="20088.13,3692.68 20080.78,3672.96 20076.30,3662.45 20073.46,3657.61 20069.98,3652.45 20065.50,3648.07 20061.81,3644.62 20059.16,3642.99"/>
    </edge>
    <edge id="39450216" from="1921826462" to="J2" priority="12" type="highway.primary" spreadType="center" shape="20001.63,3558.89 20013.89,3539.60 20014.81,3530.71 20013.76,3513.38">
        <lane id="39450216_0" index="0" disallow="tram rail_urban rail rail_electric rail_fast ship container cable_car subway aircraft wheelchair scooter drone" speed="27.78" length="27.24" shape="20013.39,3540.39 20013.89,3539.60 20014.81,3530.71 20013.76,3513.38"/>
    </edge>
    <edge id="39450217.13" from="J1" to="412120824" priority="12" type="highway.primary" spreadType="center" shape="20019.71,3510.99 20023.09,3516.75 20029.62,3526.72 20035.98,3532.26 20056.01,3536.21">
        <lane id="39450217.13_0" index="0" disallow="tram rail_urban rail rail_electric rail_fast ship container cable_car subway aircraft wheelchair scooter drone" speed="27.78" length="25.13" shape="20019.71,3510.99 20023.09,3516.75 20029.62,3526.72 20034.54,3531.01"/>
    </edge>

    <junction id="1921826462" type="priority" x="20001.63" y="3558.89" incLanes="20910676#5_0 20910676#5_1 20910676#5_2" intLanes=":1921826462_0_0 :1921826462_1_0 :1921826462_1_1 :1921826462_1_2" shape="20021.98,3550.53 20016.13,3542.76 20014.74,3541.25 20012.04,3539.53 20010.20,3542.41 20009.52,3543.40 20008.77,3544.33 20007.81,3545.42 20006.47,3546.85 20013.42,3553.47 20016.14,3551.72 20017.37,3551.56 20018.68,3551.50 20020.17,3551.25">
        <request index="0" response="0000" foes="0000" cont="0"/>
        <request index="1" response="0000" foes="0000" cont="0"/>
        <request index="2" response="0000" foes="0000" cont="0"/>
        <request index="3" response="0000" foes="0000" cont="0"/>
    </junction>
    <junction id="1921826471" type="priority" x="20107.73" y="3594.98" incLanes="20910781#1.199_0 20910781#1.199_1 20910781#1.199_2 20910676#0_0 20910676#0_1 20910676#0_2" intLanes=":1921826471_0_0 :1921826471_0_1 :1921826471_0_2 :1921826471_3_0 :1921826471_3_1 :1921826471_3_2" shape="20115.93,3593.22 20108.91,3586.67 20108.26,3586.32 20111.36,3587.09 20110.38,3589.29 20108.99,3590.46 20107.35,3591.12 20105.61,3591.74 20103.92,3592.81 20102.45,3594.82 20111.05,3599.08 20112.49,3596.67 20113.15,3595.92 20113.89,3595.22 20114.79,3594.39">
        <request index="0" response="001000" foes="001000" cont="0"/>
        <request index="1" response="011000" foes="011000" cont="0"/>
        <request index="2" response="111000" foes="111000" cont="0"/>
        <request index="3" response="000000" foes="000111" cont="0"/>
        <request index="4" response="000000" foes="000110" cont="0"/>
        <request index="5" response="000000" foes="000100" cont="0"/>
    </junction>
    <junction id="1921826476" type="priority" x="20015.84" y="3634.24" incLanes="20910676#3_0 20910676#3_1 20910676#3_2" intLanes=":1921826476_0_0 :1921826476_0_1 :1921826476_2_0 :1921826476_5_0 :1921826476_4_0" shape="20006.26,3637.64 20007.71,3628.15 20003.28,3630.91 20004.48,3627.94 20004.38,3628.36 20003.49,3637.92 20004.52,3637.86 20004.88,3637.75 20005.24,3637.65 20005.68,3637.59">
        <request index="0" response="00000" foes="00000" cont="0"/>
        <request index="1" response="00000" foes="00000" cont="0"/>
        <request index="2" response="00000" foes="01000" cont="0"/>
        <request index="3" response="00100" foes="00100" cont="1"/>
        <request index="4" response="00000" foes="00000" cont="0"/>
    </junction>
    <junction id="224646475" type="priority" x="20108.36" y="3562.32" incLanes="20910676#8_0 20910676#8_1 20910676#8_2" intLanes=":224646475_0_0 :224646475_0_1 :224646475_0_2" shape="20109.85,3561.69 20106.76,3562.55 20107.08,3563.30">
        <request index="0" response="000" foes="000" cont="0"/>
        <request index="1" response="000" foes="000" cont="0"/>
        <request index="2" response="000" foes="000" cont="0"/>
    </junction>
    <junction id="224646486" type="priority" x="20088.41" y="3618.63" incLanes="20910676#1_0 20910676#1_1 20910676#1_2" intLanes=":224646486_0_0 :224646486_0_1 :224646486_2_0 :224646486_2_1 :224646486_2_2" shape="20091.70,3622.13 20085.34,3614.94 20082.35,3617.57 20080.07,3619.46 20078.07,3620.88 20075.93,3622.06 20073.22,3623.25 20069.52,3624.70 20075.33,3632.63 20077.23,3632.11 20077.80,3632.32 20078.11,3632.84 20078.16,3633.66 20077.96,3634.80 20083.76,3637.94 20084.65,3634.20 20085.32,3631.33 20086.06,3629.02 20087.18,3626.93 20088.96,3624.74">
        <request index="0" response="00000" foes="00000" cont="0"/>
        <request index="1" response="00000" foes="00000" cont="0"/>
        <request index="2" response="00000" foes="00000" cont="0"/>
        <request index="3" response="00000" foes="00000" cont="0"/>
        <request index="4" response="00000" foes="00000" cont="0"/>
    </junction>
    <junction id="224646501" type="priority" x="20042.20" y="3637.00" incLanes="39412251#1.78_0 39412251#1.78_1 20910676#2_0 20910676#2_1 20910676#2_2" intLanes=":224646501_0_0 :224646501_0_1 :224646501_2_0 :224646501_2_1 :224646501_2_2" shape="20057.54,3647.63 20059.70,3641.44 20058.57,3640.38 20058.50,3639.89 20058.76,3639.42 20059.35,3638.97 20060.27,3638.54 20058.48,3628.94 20054.32,3630.50 20051.16,3631.53 20048.47,3632.09 20045.72,3632.28 20042.39,3632.18 20037.96,3631.86 20037.21,3641.43 20041.77,3641.78 20045.18,3642.16 20047.96,3642.74 20050.61,3643.72 20053.63,3645.29">
        <request index="0" response="00100" foes="00100" cont="0"/>
        <request index="1" response="01100" foes="01100" cont="0"/>
        <request index="2" response="00000" foes="00011" cont="0"/>
        <request index="3" response="00000" foes="00010" cont="0"/>
        <request index="4" response="00000" foes="00000" cont="0"/>
    </junction>
    <junction id="224646551" type="priority" x="19988.69" y="3573.70" incLanes="14465423#1.76_0 14465423#1.76_1 14465423#1.76_2 20910676#4_0 20910676#4_1 20910676#4_2" intLanes=":224646551_0_0 :224646551_0_1 :224646551_0_2 :224646551_3_0 :224646551_3_1 :224646551_3_2" shape="19988.05,3582.20 19980.55,3576.22 19978.56,3578.33 19985.93,3584.49 19985.87,3586.09 19985.50,3588.00 19985.06,3590.06 19984.67,3591.82 19984.46,3592.83 19981.40,3591.72 19981.98,3589.34 19982.75,3587.72 19983.73,3586.52 19984.93,3585.42 19986.37,3584.09">
        <request index="0" response="001000" foes="001000" cont="0"/>
        <request index="1" response="011000" foes="011000" cont="0"/>
        <request index="2" response="111000" foes="111000" cont="0"/>
        <request index="3" response="000000" foes="000111" cont="0"/>
        <request index="4" response="000000" foes="000110" cont="0"/>
        <request index="5" response="000000" foes="000100" cont="0"/>
    </junction>
    <junction id="224646569" type="priority" x="20079.47" y="3538.33" incLanes="20910676#7_0 20910676#7_1 20910676#7_2" intLanes=":224646569_0_0 :224646569_0_1 :224646569_2_0 :224646569_5_0 :224646569_4_0" shape="20088.89,3540.97 20087.53,3543.87 20087.67,3543.26 20087.82,3533.66 20085.49,3534.50 20083.86,3543.96">
        <request index="0" response="00000" foes="00000" cont="0"/>
        <request index="1" response="00000" foes="00000" cont="0"/>
        <request index="2" response="00000" foes="01000" cont="0"/>
        <request index="3" response="00100" foes="00100" cont="1"/>
        <request index="4" response="00000" foes="00000" cont="0"/>
    </junction>
    <junction id="412120824" type="priority" x="20056.01" y="3536.21" incLanes="39450217.13_0 20910676#6_0 20910676#6_1 20910676#6_2" intLanes=":412120824_0_0 :412120824_1_0 :412120824_1_1 :412120824_1_2" shape="20042.26,3540.78 20042.42,3531.18 20039.42,3531.21 20038.33,3531.14 20037.32,3530.86 20036.25,3530.26 20034.95,3529.24 20034.14,3532.78 20035.04,3533.88 20035.13,3534.35 20034.97,3534.77 20034.57,3535.12 20033.92,3535.43 20035.46,3545.08 20038.01,3543.34 20038.77,3542.39 20039.55,3541.56 20040.62,3540.98">
        <request index="0" response="0010" foes="0010" cont="0"/>
        <request index="1" response="0000" foes="0001" cont="0"/>
        <request index="2" response="0000" foes="0000" cont="0"/>
        <request index="3" response="0000" foes="0000" cont="0"/>
    </junction>
    <junction id="J1" type="dead_end" x="20019.71" y="3510.99" incLanes="" intLanes="" shape="20018.33,3511.80 20021.09,3510.18"/>
    <junction id="J2" type="dead_end" x="20013.76" y="3513.38" incLanes="39450216_0" intLanes="" shape="20012.16,3513.48 20015.36,3513.28"/>
    <junction id="J3" type="dead_end" x="20094.58" y="3691.24" incLanes="1432212744#0_0 1432212744#0_1" intLanes="" shape="20097.54,3690.01 20091.62,3692.47"/>
    <junction id="J4" type="dead_end" x="20086.63" y="3693.24" incLanes="" intLanes="" shape="20089.63,3692.12 20083.63,3694.36"/>
    <junction id="J5" type="dead_end" x="19870.00" y="3655.01" incLanes="162437609#0_0 162437609#0_1 162437609#0_2" intLanes="" shape="19871.47,3659.58 19868.53,3650.44"/>
    <junction id="J6" type="dead_end" x="19864.45" y="3635.76" incLanes="" intLanes="" shape="19865.90,3640.34 19863.00,3631.18"/>
    <junction id="J7" type="dead_end" x="20208.32" y="3541.92" incLanes="" intLanes="" shape="20206.74,3537.39 20209.90,3546.45"/>
    <junction id="J8" type="dead_end" x="20201.83" y="3517.31" incLanes="20911568_0 20911568_1 20911568_2" intLanes="" shape="20200.27,3512.77 20203.39,3521.85"/>

    <junction id=":1921826476_5_0" type="internal" x="20006.84" y="3629.70" incLanes=":1921826476_3_0 20910676#3_1" intLanes=":1921826476_2_0"/>
    <junction id=":224646569_5_0" type="internal" x="20085.19" y="3542.39" incLanes=":224646569_3_0 20910676#7_1" intLanes=":224646569_2_0"/>

    <connection from="14465423#1.76" to="20910676#5" fromLane="0" toLane="0" via=":224646551_0_0" dir="s" state="m" visibility="9.00"/>
    <connection from="14465423#1.76" to="20910676#5" fromLane="1" toLane="1" via=":224646551_0_1" dir="s" state="m" visibility="9.00"/>
    <connection from="14465423#1.76" to="20910676#5" fromLane="2" toLane="2" via=":224646551_0_2" dir="s" state="m" visibility="9.00"/>
    <connection from="20910676#0" to="20910676#1" fromLane="0" toLane="0" via=":1921826471_3_0" dir="s" state="M"/>
    <connection from="20910676#0" to="20910676#1" fromLane="1" toLane="1" via=":1921826471_3_1" dir="s" state="M"/>
    <connection from="20910676#0" to="20910676#1" fromLane="2" toLane="2" via=":1921826471_3_2" dir="s" state="M"/>
    <connection from="20910676#1" to="1432212744#0" fromLane="0" toLane="0" via=":224646486_0_0" dir="R" state="M"/>
    <connection from="20910676#1" to="1432212744#0" fromLane="0" toLane="1" via=":224646486_0_1" dir="R" state="M"/>
    <connection from="20910676#1" to="20910676#2" fromLane="0" toLane="0" via=":224646486_2_0" dir="s" state="M"/>
    <connection from="20910676#1" to="20910676#2" fromLane="1" toLane="1" via=":224646486_2_1" dir="s" state="M"/>
    <connection from="20910676#1" to="20910676#2" fromLane="2" toLane="2" via=":224646486_2_2" dir="s" state="M"/>
    <connection from="20910676#2" to="20910676#3" fromLane="0" toLane="0" via=":224646501_2_0" dir="s" state="M"/>
    <connection from="20910676#2" to="20910676#3" fromLane="1" toLane="1" via=":224646501_2_1" dir="s" state="M"/>
    <connection from="20910676#2" to="20910676#3" fromLane="2" toLane="2" via=":224646501_2_2" dir="s" state="M"/>
    <connection from="20910676#3" to="162437609#0" fromLane="0" toLane="0" via=":1921826476_0_0" dir="R" state="M"/>
    <connection from="20910676#3" to="162437609#0" fromLane="1" toLane="1" via=":1921826476_0_1" dir="R" state="M"/>
    <connection from="20910676#3" to="20910676#4" fromLane="1" toLane="1" via=":1921826476_2_0" dir="s" state="M"/>
    <connection from="20910676#3" to="162437609#0" fromLane="2" toLane="2" via=":1921826476_3_0" dir="R" state="m"/>
    <connection from="20910676#3" to="20910676#4" fromLane="2" toLane="2" via=":1921826476_4_0" dir="s" state="M"/>
    <connection from="20910676#4" to="20910676#5" fromLane="0" toLane="0" via=":224646551_3_0" dir="s" state="M"/>
    <connection from="20910676#4" to="20910676#5" fromLane="1" toLane="1" via=":224646551_3_1" dir="s" state="M"/>
    <connection from="20910676#4" to="20910676#5" fromLane="2" toLane="2" via=":224646551_3_2" dir="s" state="M"/>
    <connection from="20910676#5" to="39450216" fromLane="0" toLane="0" via=":1921826462_0_0" dir="R" state="M"/>
    <connection from="20910676#5" to="20910676#6" fromLane="0" toLane="0" via=":1921826462_1_0" dir="s" state="M"/>
    <connection from="20910676#5" to="20910676#6" fromLane="1" toLane="1" via=":1921826462_1_1" dir="s" state="M"/>
    <connection from="20910676#5" to="20910676#6" fromLane="2" toLane="2" via=":1921826462_1_2" dir="s" state="M"/>
    <connection from="20910676#6" to="20910676#7" fromLane="0" toLane="0" via=":412120824_1_0" dir="s" state="M"/>
    <connection from="20910676#6" to="20910676#7" fromLane="1" toLane="1" via=":412120824_1_1" dir="s" state="M"/>
    <connection from="20910676#6" to="20910676#7" fromLane="2" toLane="2" via=":412120824_1_2" dir="s" state="M"/>
    <connection from="20910676#7" to="20911568" fromLane="0" toLane="0" via=":224646569_0_0" dir="R" state="M"/>
    <connection from="20910676#7" to="20911568" fromLane="1" toLane="1" via=":224646569_0_1" dir="R" state="M"/>
    <connection from="20910676#7" to="20910676#8" fromLane="1" toLane="1" via=":224646569_2_0" dir="s" state="M"/>
    <connection from="20910676#7" to="20911568" fromLane="2" toLane="2" via=":224646569_3_0" dir="R" state="m"/>
    <connection from="20910676#7" to="20910676#8" fromLane="2" toLane="2" via=":224646569_4_0" dir="s" state="M"/>
    <connection from="20910676#8" to="20910676#0" fromLane="0" toLane="0" via=":224646475_0_0" dir="s" state="M"/>
    <connection from="20910676#8" to="20910676#0" fromLane="1" toLane="1" via=":224646475_0_1" dir="s" state="M"/>
    <connection from="20910676#8" to="20910676#0" fromLane="2" toLane="2" via=":224646475_0_2" dir="s" state="M"/>
    <connection from="20910781#1.199" to="20910676#1" fromLane="0" toLane="0" via=":1921826471_0_0" dir="s" state="m" visibility="9.00"/>
    <connection from="20910781#1.199" to="20910676#1" fromLane="1" toLane="1" via=":1921826471_0_1" dir="s" state="m" visibility="9.00"/>
    <connection from="20910781#1.199" to="20910676#1" fromLane="2" toLane="2" via=":1921826471_0_2" dir="s" state="m" visibility="9.00"/>
    <connection from="39412251#1.78" to="20910676#3" fromLane="0" toLane="0" via=":224646501_0_0" dir="s" state="m" visibility="9.00"/>
    <connection from="39412251#1.78" to="20910676#3" fromLane="1" toLane="1" via=":224646501_0_1" dir="s" state="m" visibility="9.00"/>
    <connection from="39450217.13" to="20910676#7" fromLane="0" toLane="0" via=":412120824_0_0" dir="s" state="m" visibility="9.00"/>

    <connection from=":1921826462_0" to="39450216" fromLane="0" toLane="0" dir="R" state="M"/>
    <connection from=":1921826462_1" to="20910676#6" fromLane="0" toLane="0" dir="s" state="M"/>
    <connection from=":1921826462_1" to="20910676#6" fromLane="1" toLane="1" dir="s" state="M"/>
    <connection from=":1921826462_1" to="20910676#6" fromLane="2" toLane="2" dir="s" state="M"/>
    <connection from=":1921826471_0" to="20910676#1" fromLane="0" toLane="0" dir="s" state="M"/>
    <connection from=":1921826471_0" to="20910676#1" fromLane="1" toLane="1" dir="s" state="M"/>
    <connection from=":1921826471_0" to="20910676#1" fromLane="2" toLane="2" dir="s" state="M"/>
    <connection from=":1921826471_3" to="20910676#1" fromLane="0" toLane="0" dir="s" state="M"/>
    <connection from=":1921826471_3" to="20910676#1" fromLane="1" toLane="1" dir="s" state="M"/>
    <connection from=":1921826471_3" to="20910676#1" fromLane="2" toLane="2" dir="s" state="M"/>
    <connection from=":1921826476_0" to="162437609#0" fromLane="0" toLane="0" dir="R" state="M"/>
    <connection from=":1921826476_0" to="162437609#0" fromLane="1" toLane="1" dir="R" state="M"/>
    <connection from=":1921826476_2" to="20910676#4" fromLane="0" toLane="1" dir="s" state="M"/>
    <connection from=":1921826476_3" to="162437609#0" fromLane="0" toLane="2" via=":1921826476_5_0" dir="R" state="m"/>
    <connection from=":1921826476_5" to="162437609#0" fromLane="0" toLane="2" dir="R" state="M"/>
    <connection from=":1921826476_4" to="20910676#4" fromLane="0" toLane="2" dir="s" state="M"/>
    <connection from=":224646475_0" to="20910676#0" fromLane="0" toLane="0" dir="s" state="M"/>
    <connection from=":224646475_0" to="20910676#0" fromLane="1" toLane="1" dir="s" state="M"/>
    <connection from=":224646475_0" to="20910676#0" fromLane="2" toLane="2" dir="s" state="M"/>
    <connection from=":224646486_0" to="1432212744#0" fromLane="0" toLane="0" dir="R" state="M"/>
    <connection from=":224646486_0" to="1432212744#0" fromLane="1" toLane="1" dir="R" state="M"/>
    <connection from=":224646486_2" to="20910676#2" fromLane="0" toLane="0" dir="s" state="M"/>
    <connection from=":224646486_2" to="20910676#2" fromLane="1" toLane="1" dir="s" state="M"/>
    <connection from=":224646486_2" to="20910676#2" fromLane="2" toLane="2" dir="s" state="M"/>
    <connection from=":224646501_0" to="20910676#3" fromLane="0" toLane="0" dir="s" state="M"/>
    <connection from=":224646501_0" to="20910676#3" fromLane="1" toLane="1" dir="s" state="M"/>
    <connection from=":224646501_2" to="20910676#3" fromLane="0" toLane="0" dir="s" state="M"/>
    <connection from=":224646501_2" to="20910676#3" fromLane="1" toLane="1" dir="s" state="M"/>
    <connection from=":224646501_2" to="20910676#3" fromLane="2" toLane="2" dir="s" state="M"/>
    <connection from=":224646551_0" to="20910676#5" fromLane="0" toLane="0" dir="s" state="M"/>
    <connection from=":224646551_0" to="20910676#5" fromLane="1" toLane="1" dir="s" state="M"/>
    <connection from=":224646551_0" to="20910676#5" fromLane="2" toLane="2" dir="s" state="M"/>
    <connection from=":224646551_3" to="20910676#5" fromLane="0" toLane="0" dir="s" state="M"/>
    <connection from=":224646551_3" to="20910676#5" fromLane="1" toLane="1" dir="s" state="M"/>
    <connection from=":224646551_3" to="20910676#5" fromLane="2" toLane="2" dir="s" state="M"/>
    <connection from=":224646569_0" to="20911568" fromLane="0" toLane="0" dir="R" state="M"/>
    <connection from=":224646569_0" to="20911568" fromLane="1" toLane="1" dir="R" state="M"/>
    <connection from=":224646569_2" to="20910676#8" fromLane="0" toLane="1" dir="s" state="M"/>
    <connection from=":224646569_3" to="20911568" fromLane="0" toLane="2" via=":224646569_5_0" dir="R" state="m"/>
    <connection from=":224646569_5" to="20911568" fromLane="0" toLane="2" dir="R" state="M"/>
    <connection from=":224646569_4" to="20910676#8" fromLane="0" toLane="2" dir="s" state="M"/>
    <connection from=":412120824_0" to="20910676#7" fromLane="0" toLane="0" dir="s" state="M"/>
    <connection from=":412120824_1" to="20910676#7" fromLane="0" toLane="0" dir="s" state="M"/>
    <connection from=":412120824_1" to="20910676#7" fromLane="1" toLane="1" dir="s" state="M"/>
    <connection from=":412120824_1" to="20910676#7" fromLane="2" toLane="2" dir="s" state="M"/>

    <roundabout nodes="1921826462 1921826471 1921826476 224646475 224646486 224646501 224646551 224646569 412120824" edges="20910676#0 20910676#1 20910676#2 20910676#3 20910676#4 20910676#5 20910676#6 20910676#7 20910676#8"/>

</net>
