<?xml version="1.0" encoding="UTF-8"?>

<!-- generated on 2025-11-20 14:18:54 by Eclipse SUMO GUI Version 1.21.0
<sumoConfiguration xmlns:xsi="http://www.w3.org/2001/XMLSchema-instance" xsi:noNamespaceSchemaLocation="http://sumo.dlr.de/xsd/sumoConfiguration.xsd">

    <input>
        <net-file value="C:\Users\X1\Documents\SUMO\20th Nov 2025\scenario2\scenario2.net.xml"/>
        <route-files value="C:\Users\X1\Documents\SUMO\20th Nov 2025\scenario2\scenario2.rou.xml"/>
    </input>

    <output>
        <summary-output value="C:\Users\X1\Documents\SUMO\20th Nov 2025\scenario2\summary.xml"/>
        <tripinfo-output value="C:\Users\X1\Documents\SUMO\20th Nov 2025\scenario2\tripinfo.xml"/>
    </output>

    <time>
        <begin value="0"/>
        <end value="15300"/>
    </time>

    <report>
        <verbose value="true"/>
        <no-step-log value="true"/>
    </report>

    <gui_only>
        <start value="true"/>
    </gui_only>

</sumoConfiguration>
-->

<tripinfos xmlns:xsi="http://www.w3.org/2001/XMLSchema-instance" xsi:noNamespaceSchemaLocation="http://sumo.dlr.de/xsd/tripinfo_file.xsd">
</tripinfos>
